<?xml version="1.0" encoding="UTF-8"?>
<mule xmlns:doc="http://www.mulesoft.org/schema/mule/documentation" xmlns="http://www.mulesoft.org/schema/mule/core" xmlns:apikit="http://www.mulesoft.org/schema/mule/apikit" xmlns:http="http://www.mulesoft.org/schema/mule/http" xmlns:spring="http://www.springframework.org/schema/beans" xmlns:xsi="http://www.w3.org/2001/XMLSchema-instance" xsi:schemaLocation="http://www.mulesoft.org/schema/mule/core http://www.mulesoft.org/schema/mule/core/current/mule.xsd
http://www.mulesoft.org/schema/mule/http http://www.mulesoft.org/schema/mule/http/current/mule-http.xsd
http://www.mulesoft.org/schema/mule/apikit http://www.mulesoft.org/schema/mule/apikit/current/mule-apikit.xsd
http://www.springframework.org/schema/beans http://www.springframework.org/schema/beans/spring-beans-3.1.xsd">
    <http:listener-config name="american3-httpListenerConfig" host="0.0.0.0" port="8081" doc:name="HTTP Listener Configuration"/>
    <apikit:config name="american3-config" raml="american3.raml" consoleEnabled="false" doc:name="Router"/>
    <flow name="american3-main">
        <http:listener config-ref="american3-httpListenerConfig" path="/api/*" doc:name="HTTP"/>
        <apikit:router config-ref="american3-config" doc:name="APIkit Router"/>
        <exception-strategy ref="american3-apiKitGlobalExceptionMapping" doc:name="Reference Exception Strategy"/>
    </flow>
    <flow name="american3-console">
        <http:listener config-ref="american3-httpListenerConfig" path="/console/*" doc:name="HTTP"/>
        <apikit:console config-ref="american3-config" doc:name="APIkit Console"/>
    </flow>
    <flow name="put:/flights/{ID}:application/json:american3-config">
        <set-payload value="{&quot;message&quot;: &quot;Flight updated (but not really)&quot;}" doc:name="Set Payload"/>
    </flow>
    <flow name="delete:/flights/{ID}:american3-config">
        <set-payload value="{&quot;message&quot;: &quot;Flight deleted (but not really)&quot;}" doc:name="Set Payload"/>
    </flow>
    <flow name="get:/flights:american3-config">
        <set-payload value="[{&quot;ID&quot;:1, &quot;code&quot;: &quot;ER38sd&quot;,&quot;price&quot;: 400, &quot;departureDate&quot;: &quot;2016/03/20&quot;, &quot;origin&quot;: &quot;MUA&quot;, &quot;destination&quot;: &quot;SFO&quot;, &quot;emptySeats&quot;: 0, &quot;plane&quot;: {&quot;type&quot;: &quot;Boeing 737&quot;, &quot;totalSeats&quot;: 150}}, {&quot;ID&quot;:2,&quot;code&quot;: &quot;ER45if&quot;, &quot;price&quot;: 345.99, &quot;departureDate&quot;: &quot;2016/02/11&quot;, &quot;origin&quot;: &quot;MUA&quot;, &quot;destination&quot;: &quot;LAX&quot;, &quot;emptySeats&quot;: 52, &quot;plane&quot;: {&quot;type&quot;: &quot;Boeing 777&quot;, &quot;totalSeats&quot;: 300}}]" doc:name="Set Payload"/>
    </flow>
    <flow name="get:/flights/{ID}:american3-config">
        <set-payload value="{&quot;ID&quot;:1, &quot;code&quot;: &quot;ER38sd&quot;,&quot;price&quot;: 400, &quot;departureDate&quot;: &quot;2016/03/20&quot;, &quot;origin&quot;: &quot;MUA&quot;, &quot;destination&quot;: &quot;SFO&quot;, &quot;emptySeats&quot;: 0, &quot;plane&quot;: {&quot;type&quot;: &quot;Boeing 737&quot;, &quot;totalSeats&quot;: 150}}" doc:name="Set Payload"/>
    </flow>
    <flow name="post:/flights:application/json:american3-config">
        <set-property propertyName="Content-Type" value="application/json" doc:name="Property"/>
        <set-payload value="{&quot;message&quot;: &quot;Flight added (but not really)&quot;}" doc:name="Set Payload"/>
    </flow>
    <apikit:mapping-exception-strategy name="american3-apiKitGlobalExceptionMapping">
        <apikit:mapping statusCode="404">
            <apikit:exception value="org.mule.module.apikit.exception.NotFoundException" />
            <set-property propertyName="Content-Type" value="application/json" doc:name="Property"/>
            <set-payload value="{ &quot;message&quot;: &quot;Resource not found&quot; }" doc:name="Set Payload"/>
        </apikit:mapping>
        <apikit:mapping statusCode="405">
            <apikit:exception value="org.mule.module.apikit.exception.MethodNotAllowedException" />
            <set-property propertyName="Content-Type" value="application/json" doc:name="Property"/>
            <set-payload value="{ &quot;message&quot;: &quot;Method not allowed&quot; }" doc:name="Set Payload"/>
        </apikit:mapping>
        <apikit:mapping statusCode="415">
            <apikit:exception value="org.mule.module.apikit.exception.UnsupportedMediaTypeException" />
            <set-property propertyName="Content-Type" value="application/json" doc:name="Property"/>
            <set-payload value="{ &quot;message&quot;: &quot;Unsupported media type&quot; }" doc:name="Set Payload"/>
        </apikit:mapping>
        <apikit:mapping statusCode="406">
            <apikit:exception value="org.mule.module.apikit.exception.NotAcceptableException" />
            <set-property propertyName="Content-Type" value="application/json" doc:name="Property"/>
            <set-payload value="{ &quot;message&quot;: &quot;Not acceptable&quot; }" doc:name="Set Payload"/>
        </apikit:mapping>
        <apikit:mapping statusCode="400">
            <apikit:exception value="org.mule.module.apikit.exception.BadRequestException" />
            <set-property propertyName="Content-Type" value="application/json" doc:name="Property"/>
            <set-payload value="{ &quot;message&quot;: &quot;Bad request&quot; }" doc:name="Set Payload"/>
        </apikit:mapping>
    </apikit:mapping-exception-strategy>
</mule>
